{"ndmi": {"2": {"mean_valid": 0.2663881354089418, "mean_estim": 0.2653675973415375, "nme": -0.0038310446912762, "nmae": 0.1087290271330795, "nmse": 0.0844885977768199, "nrmse": 0.2906692239932186, "correlation": 0.9574481150496776}, "1": {"mean_valid": 0.2677684044839826, "mean_estim": 0.2684902846813202, "nme": 0.0026958384221013, "nmae": 0.1035520185332458, "nmse": 0.0806487729055706, "nrmse": 0.2839872759571644, "correlation": 0.9588770493839612}, "0": {"mean_valid": 0.2664914577774167, "mean_estim": 0.2622381746768951, "nme": -0.0159603135625449, "nmae": 0.1064997448158026, "nmse": 0.0776391979703756, "nrmse": 0.2786381129177694, "correlation": 0.96087492143361}, "3": {"mean_valid": 0.2821857643017322, "mean_estim": 0.2696137130260467, "nme": -0.0445523826384522, "nmae": 0.1294437482542686, "nmse": 0.119574215525902, "nrmse": 0.345795048440405, "correlation": 0.9426540129486954}}, "ndvi": {"2": {"mean_valid": 0.6703279608753727, "mean_estim": 0.6738190650939941, "nme": 0.0052080518811277, "nmae": 0.0550381675085874, "nmse": 0.1739035401736158, "nrmse": 0.4170174338964929, "correlation": 0.9095355734604864}, "0": {"mean_valid": 0.6636857231991601, "mean_estim": 0.6659380793571472, "nme": 0.0033936182368448, "nmae": 0.0569970798758553, "nmse": 0.1838335437615695, "nrmse": 0.428758141335613, "correlation": 0.9036690407810865}, "1": {"mean_valid": 0.6643332046933018, "mean_estim": 0.6730248928070068, "nme": 0.0130834807434949, "nmae": 0.0570490688095141, "nmse": 0.1934539617467758, "nrmse": 0.4398340161319674, "correlation": 0.9009369884887244}, "3": {"mean_valid": 0.6855963211853559, "mean_estim": 0.6846861839294434, "nme": -0.0013274651495422, "nmae": 0.0600723040885414, "nmse": 0.1917061589766203, "nrmse": 0.437842618958708, "correlation": 0.8990823550267578}}, "swi": {"0": {"mean_valid": 38.69583511352539, "mean_estim": 39.11653137207031, "nme": 0.0108718918636441, "nmae": 0.0508209690451622, "nmse": 0.0579813830554485, "nrmse": 0.2407932132482528, "correlation": 0.9714077824606734}, "1": {"mean_valid": 38.68194580078125, "mean_estim": 39.06361770629883, "nme": 0.0098669556900858, "nmae": 0.0593485757708549, "nmse": 0.0785943791270256, "nrmse": 0.2803469002246856, "correlation": 0.9606189770253284}, "2": {"mean_valid": 38.69166564941406, "mean_estim": 38.97320556640625, "nme": 0.0072764973156154, "nmae": 0.0762010961771011, "nmse": 0.1115777939558029, "nrmse": 0.3340326249599457, "correlation": 0.9429619096309172}, "3": {"mean_valid": 38.67499923706055, "mean_estim": 38.96204376220703, "nme": 0.0074219303205609, "nmae": 0.0884050354361534, "nmse": 0.1468835324048996, "nrmse": 0.3832538723945617, "correlation": 0.92406391113973}}}