{"ndmi": {"0": {"mean_valid": 0.2664728608066756, "mean_estim": 0.2709347903728485, "nme": 0.0167443879747974, "nmae": 0.1160939236993001, "nmse": 0.0898179122613617, "nrmse": 0.2996963667803829, "correlation": 0.9553260594613334}}, "ndvi": {"2": {"mean_valid": 0.6703279608753727, "mean_estim": 0.6738190650939941, "nme": 0.0052080518811277, "nmae": 0.0550381675085874, "nmse": 0.1739035401736158, "nrmse": 0.4170174338964929, "correlation": 0.9095355734604864}, "0": {"mean_valid": 0.6637061732124019, "mean_estim": 0.6659373641014099, "nme": 0.0033617831268074, "nmae": 0.0569698235070158, "nmse": 0.1836188643109685, "nrmse": 0.4285077179129549, "correlation": 0.9037844595730692}, "1": {"mean_valid": 0.6643538565819401, "mean_estim": 0.6730100512504578, "nme": 0.0130294941200045, "nmae": 0.0569988566971566, "nmse": 0.1927567321397163, "nrmse": 0.4390406953116263, "correlation": 0.9012958524902734}, "3": {"mean_valid": 0.6855963211853559, "mean_estim": 0.6846861839294434, "nme": -0.0013274651495422, "nmae": 0.0600723040885414, "nmse": 0.1917061589766203, "nrmse": 0.437842618958708, "correlation": 0.8990823550267578}}, "swi": {"0": {"mean_valid": 40.84722137451172, "mean_estim": 41.23965835571289, "nme": 0.0096073606982827, "nmae": 0.0424742735922336, "nmse": 0.0298632197082042, "nrmse": 0.1728097796440124, "correlation": 0.9855314746313713}, "1": {"mean_valid": 40.84444427490234, "mean_estim": 41.23919677734375, "nme": 0.0096648056060075, "nmae": 0.0567426718771457, "nmse": 0.0488514862954616, "nrmse": 0.2210237234830856, "correlation": 0.975834016394296}, "2": {"mean_valid": 40.863887786865234, "mean_estim": 41.205692291259766, "nme": 0.008364419452846, "nmae": 0.0721055641770362, "nmse": 0.0739315748214721, "nrmse": 0.2719036042690277, "correlation": 0.9626903650706152}, "3": {"mean_valid": 40.8305549621582, "mean_estim": 41.17790603637695, "nme": 0.0085071288049221, "nmae": 0.0825033709406852, "nmse": 0.0972752571105957, "nrmse": 0.3118897974491119, "correlation": 0.9505807736953776}}}