{"ndmi": {"0": {"mean_valid": 0.2664728608066756, "mean_estim": 0.2709347903728485, "nme": 0.0167443879747974, "nmae": 0.1160939236993001, "nmse": 0.0898179122613617, "nrmse": 0.2996963667803829, "correlation": 0.9553260594613334}}, "ndvi": {"2": {"mean_valid": 0.6703279608753727, "mean_estim": 0.6738190650939941, "nme": 0.0052080518811277, "nmae": 0.0550381675085874, "nmse": 0.1739035401736158, "nrmse": 0.4170174338964929, "correlation": 0.9095355734604864}, "0": {"mean_valid": 0.6637061732124019, "mean_estim": 0.6659373641014099, "nme": 0.0033617831268074, "nmae": 0.0569698235070158, "nmse": 0.1836188643109685, "nrmse": 0.4285077179129549, "correlation": 0.9037844595730692}, "1": {"mean_valid": 0.6643538565819401, "mean_estim": 0.6730100512504578, "nme": 0.0130294941200045, "nmae": 0.0569988566971566, "nmse": 0.1927567321397163, "nrmse": 0.4390406953116263, "correlation": 0.9012958524902734}, "3": {"mean_valid": 0.6855963211853559, "mean_estim": 0.6846861839294434, "nme": -0.0013274651495422, "nmae": 0.0600723040885414, "nmse": 0.1917061589766203, "nrmse": 0.437842618958708, "correlation": 0.8990823550267578}}, "swi": {"0": {"mean_valid": 40.54999923706055, "mean_estim": 40.96026992797852, "nme": 0.0101176099851727, "nmae": 0.0424837879836559, "nmse": 0.0304945148527622, "nrmse": 0.1746267676353454, "correlation": 0.9852400390933548}, "1": {"mean_valid": 40.56111145019531, "mean_estim": 40.95393753051758, "nme": 0.0096849063411355, "nmae": 0.0571864433586597, "nmse": 0.0505686327815055, "nrmse": 0.2248747050762176, "correlation": 0.9749033420800288}, "2": {"mean_valid": 40.55416488647461, "mean_estim": 40.92079162597656, "nme": 0.0090403575450181, "nmae": 0.0720441862940788, "nmse": 0.0758193060755729, "nrmse": 0.2753530442714691, "correlation": 0.961783837810322}, "3": {"mean_valid": 40.51388931274414, "mean_estim": 40.888484954833984, "nme": 0.0092460643500089, "nmae": 0.082475796341896, "nmse": 0.1000361889600753, "nrmse": 0.3162849843502044, "correlation": 0.949126151433866}}}