{"ndmi": {"0": {"mean_valid": 0.2664728608066756, "mean_estim": 0.2709347903728485, "nme": 0.0167443879747974, "nmae": 0.1160939236993001, "nmse": 0.0898179122613617, "nrmse": 0.2996963667803829, "correlation": 0.9553260594613334}}, "ndvi": {"2": {"mean_valid": 0.6703279608753727, "mean_estim": 0.6738190650939941, "nme": 0.0052080518811277, "nmae": 0.0550381675085874, "nmse": 0.1739035401736158, "nrmse": 0.4170174338964929, "correlation": 0.9095355734604864}, "0": {"mean_valid": 0.6637061732124019, "mean_estim": 0.6659373641014099, "nme": 0.0033617831268074, "nmae": 0.0569698235070158, "nmse": 0.1836188643109685, "nrmse": 0.4285077179129549, "correlation": 0.9037844595730692}, "1": {"mean_valid": 0.6643538565819401, "mean_estim": 0.6543405652046204, "nme": -0.0150722737403676, "nmae": 0.057322260457792, "nmse": 0.1839943370319652, "nrmse": 0.4289456108086027, "correlation": 0.9068403200077264}}, "swi": {"0": {"mean_valid": 41.40277862548828, "mean_estim": 41.8022346496582, "nme": 0.0096480855718255, "nmae": 0.0419822260737419, "nmse": 0.0288605280220508, "nrmse": 0.1698838770389557, "correlation": 0.9860330792531772}, "1": {"mean_valid": 41.41805648803711, "mean_estim": 41.8103141784668, "nme": 0.0094706928357481, "nmae": 0.0561103411018848, "nmse": 0.0469201765954494, "nrmse": 0.2166106551885604, "correlation": 0.9768240759059048}, "2": {"mean_valid": 41.44444274902344, "mean_estim": 41.776737213134766, "nme": 0.0080177951604127, "nmae": 0.0709240660071373, "nmse": 0.0699497684836387, "nrmse": 0.2644801735877991, "correlation": 0.9647563659111392}, "3": {"mean_valid": 41.42361068725586, "mean_estim": 41.762672424316406, "nme": 0.0081851612776517, "nmae": 0.0815223455429077, "nmse": 0.0913593247532844, "nrmse": 0.3022570312023163, "correlation": 0.9538708161477832}}}