{"ndmi": {"0": {"mean_valid": 0.2664728608066756, "mean_estim": 0.2709347903728485, "nme": 0.0167443879747974, "nmae": 0.1160939236993001, "nmse": 0.0898179122613617, "nrmse": 0.2996963667803829, "correlation": 0.9553260594613334}}, "ndvi": {"2": {"mean_valid": 0.6703279608753727, "mean_estim": 0.6738190650939941, "nme": 0.0052080518811277, "nmae": 0.0550381675085874, "nmse": 0.1739035401736158, "nrmse": 0.4170174338964929, "correlation": 0.9095355734604864}, "0": {"mean_valid": 0.6637061732124019, "mean_estim": 0.6659373641014099, "nme": 0.0033617831268074, "nmae": 0.0569698235070158, "nmse": 0.1836188643109685, "nrmse": 0.4285077179129549, "correlation": 0.9037844595730692}, "1": {"mean_valid": 0.6643538565819401, "mean_estim": 0.6730100512504578, "nme": 0.0130294941200045, "nmae": 0.0569988566971566, "nmse": 0.1927567321397163, "nrmse": 0.4390406953116263, "correlation": 0.9012958524902734}, "3": {"mean_valid": 0.6855963211853559, "mean_estim": 0.6846861839294434, "nme": -0.0013274651495422, "nmae": 0.0600723040885414, "nmse": 0.1917061589766203, "nrmse": 0.437842618958708, "correlation": 0.8990823550267578}}, "swi": {"0": {"mean_valid": 40.26666641235352, "mean_estim": 40.68782424926758, "nme": 0.0104591306298971, "nmae": 0.0429854206740856, "nmse": 0.0317687131464481, "nrmse": 0.1782377958297729, "correlation": 0.9846515514000874}, "1": {"mean_valid": 40.25138854980469, "mean_estim": 40.669700622558594, "nme": 0.0103924609720706, "nmae": 0.0577429458498954, "nmse": 0.0529931373894214, "nrmse": 0.2302024066448211, "correlation": 0.973740711032378}, "2": {"mean_valid": 40.23749923706055, "mean_estim": 40.61691665649414, "nme": 0.0094294613227248, "nmae": 0.0729291215538978, "nmse": 0.079662948846817, "nrmse": 0.2822462618350982, "correlation": 0.9598224834841582}, "3": {"mean_valid": 40.21527862548828, "mean_estim": 40.58663558959961, "nme": 0.0092342467978596, "nmae": 0.0830040499567985, "nmse": 0.1047831624746322, "nrmse": 0.3237022757530212, "correlation": 0.9466495621730802}}}