{"ndmi": {"0": {"mean_valid": 0.2664728608066756, "mean_estim": 0.2709347903728485, "nme": 0.0167443879747974, "nmae": 0.1160939236993001, "nmse": 0.0898179122613617, "nrmse": 0.2996963667803829, "correlation": 0.9553260594613334}}, "ndvi": {"2": {"mean_valid": 0.6703279608753727, "mean_estim": 0.6738190650939941, "nme": 0.0052080518811277, "nmae": 0.0550381675085874, "nmse": 0.1739035401736158, "nrmse": 0.4170174338964929, "correlation": 0.9095355734604864}, "0": {"mean_valid": 0.6637061732124019, "mean_estim": 0.6659373641014099, "nme": 0.0033617831268074, "nmae": 0.0569698235070158, "nmse": 0.1836188643109685, "nrmse": 0.4285077179129549, "correlation": 0.9037844595730692}, "1": {"mean_valid": 0.6643538565819401, "mean_estim": 0.6730100512504578, "nme": 0.0130294941200045, "nmae": 0.0569988566971566, "nmse": 0.1927567321397163, "nrmse": 0.4390406953116263, "correlation": 0.9012958524902734}, "3": {"mean_valid": 0.6855963211853559, "mean_estim": 0.6846861839294434, "nme": -0.0013274651495422, "nmae": 0.0600723040885414, "nmse": 0.1917061589766203, "nrmse": 0.437842618958708, "correlation": 0.8990823550267578}}, "swi": {"0": {"mean_valid": 39.64027786254883, "mean_estim": 40.099365234375, "nme": 0.0115813668817281, "nmae": 0.0429425276815891, "nmse": 0.0343524403870105, "nrmse": 0.1853441148996353, "correlation": 0.9834527186845512}, "1": {"mean_valid": 39.636112213134766, "mean_estim": 40.07243728637695, "nme": 0.0110082440078258, "nmae": 0.0581848323345184, "nmse": 0.0580101870000362, "nrmse": 0.2408530414104461, "correlation": 0.971292652078088}, "2": {"mean_valid": 39.61249923706055, "mean_estim": 40.03487777709961, "nme": 0.0106628211215138, "nmae": 0.0729952156543731, "nmse": 0.0861400514841079, "nrmse": 0.2934962511062622, "correlation": 0.9568534842126388}, "3": {"mean_valid": 39.56944274902344, "mean_estim": 40.00308227539063, "nme": 0.0109588941559195, "nmae": 0.0827848762273788, "nmse": 0.1141649857163429, "nrmse": 0.3378830850124359, "correlation": 0.9420798279889296}}}