{"ndmi": {"0": {"mean_valid": 0.2664728608066756, "mean_estim": 0.2709347903728485, "nme": 0.0167443879747974, "nmae": 0.1160939236993001, "nmse": 0.0898179122613617, "nrmse": 0.2996963667803829, "correlation": 0.9553260594613334}}, "ndvi": {"2": {"mean_valid": 0.6703279608753727, "mean_estim": 0.6738190650939941, "nme": 0.0052080518811277, "nmae": 0.0550381675085874, "nmse": 0.1739035401736158, "nrmse": 0.4170174338964929, "correlation": 0.9095355734604864}, "0": {"mean_valid": 0.6637061732124019, "mean_estim": 0.6659373641014099, "nme": 0.0033617831268074, "nmae": 0.0569698235070158, "nmse": 0.1836188643109685, "nrmse": 0.4285077179129549, "correlation": 0.9037844595730692}, "1": {"mean_valid": 0.6643538565819401, "mean_estim": 0.6730100512504578, "nme": 0.0130294941200045, "nmae": 0.0569988566971566, "nmse": 0.1927567321397163, "nrmse": 0.4390406953116263, "correlation": 0.9012958524902734}, "3": {"mean_valid": 0.6855963211853559, "mean_estim": 0.6846861839294434, "nme": -0.0013274651495422, "nmae": 0.0600723040885414, "nmse": 0.1917061589766203, "nrmse": 0.437842618958708, "correlation": 0.8990823550267578}}, "swi": {"0": {"mean_valid": 39.34166717529297, "mean_estim": 39.81908416748047, "nme": 0.0121351704001426, "nmae": 0.0435610264539718, "nmse": 0.0366995185613632, "nrmse": 0.1915711760520935, "correlation": 0.98237487345803}, "1": {"mean_valid": 39.30972290039063, "mean_estim": 39.79140472412109, "nme": 0.0122535852715373, "nmae": 0.058501373976469, "nmse": 0.062145672738552, "nrmse": 0.249290332198143, "correlation": 0.9694576684258848}, "2": {"mean_valid": 39.29305648803711, "mean_estim": 39.75748062133789, "nme": 0.011819458566606, "nmae": 0.0736691951751709, "nmse": 0.092648908495903, "nrmse": 0.3043828010559082, "correlation": 0.9538220514650594}, "3": {"mean_valid": 39.261112213134766, "mean_estim": 39.72966003417969, "nme": 0.0119342068210244, "nmae": 0.0831643640995025, "nmse": 0.12238360196352, "nrmse": 0.3498336672782898, "correlation": 0.9380676940081304}}}