{"ndmi": {"2": {"mean_valid": 0.2663881354089418, "mean_estim": 0.2653675973415375, "nme": -0.0038310446912762, "nmae": 0.1087290271330795, "nmse": 0.0844885977768199, "nrmse": 0.2906692239932186, "correlation": 0.9574481150496776}, "1": {"mean_valid": 0.268631859652201, "mean_estim": 0.2676992416381836, "nme": -0.0034717206029201, "nmae": 0.1085060488625011, "nmse": 0.0978941406068662, "nrmse": 0.3128803934523003, "correlation": 0.9499798871373744}, "0": {"mean_valid": 0.2673601132325728, "mean_estim": 0.2611730992794037, "nme": -0.0231411060570139, "nmae": 0.1126478236007997, "nmse": 0.1018895792202513, "nrmse": 0.3192014712062764, "correlation": 0.9487675061181172}, "3": {"mean_valid": 0.2821857643017322, "mean_estim": 0.2696137130260467, "nme": -0.0445523826384522, "nmae": 0.1294437482542686, "nmse": 0.119574215525902, "nrmse": 0.345795048440405, "correlation": 0.9426540129486954}}, "ndvi": {"2": {"mean_valid": 0.6703279608753727, "mean_estim": 0.6738190650939941, "nme": 0.0052080518811277, "nmae": 0.0550381675085874, "nmse": 0.1739035401736158, "nrmse": 0.4170174338964929, "correlation": 0.9095355734604864}, "0": {"mean_valid": 0.6604406484619024, "mean_estim": 0.6639633178710938, "nme": 0.0053337627135218, "nmae": 0.0587669843222297, "nmse": 0.1823066359789109, "nrmse": 0.4269738118186066, "correlation": 0.9046942258385928}, "1": {"mean_valid": 0.6610629471916887, "mean_estim": 0.6717158555984497, "nme": 0.0161146821696053, "nmae": 0.0599339682928086, "nmse": 0.2085705458855846, "nrmse": 0.4566952439927359, "correlation": 0.8933447544853673}, "3": {"mean_valid": 0.6855963211853559, "mean_estim": 0.6846861839294434, "nme": -0.0013274651495422, "nmae": 0.0600723040885414, "nmse": 0.1917061589766203, "nrmse": 0.437842618958708, "correlation": 0.8990823550267578}}, "swi": {"0": {"mean_valid": 39.34166717529297, "mean_estim": 39.87557601928711, "nme": 0.0135710733011364, "nmae": 0.0499227829277515, "nmse": 0.0489842519164085, "nrmse": 0.2213238775730133, "correlation": 0.9763896362895196}, "1": {"mean_valid": 39.30972290039063, "mean_estim": 39.84915542602539, "nme": 0.0137225612998008, "nmae": 0.0581445395946502, "nmse": 0.065803088247776, "nrmse": 0.2565211355686188, "correlation": 0.9679187572160542}, "2": {"mean_valid": 39.29305648803711, "mean_estim": 39.82020568847656, "nme": 0.0134158115833997, "nmae": 0.075031891465187, "nmse": 0.0950498804450035, "nrmse": 0.3083015978336334, "correlation": 0.953008717682698}, "3": {"mean_valid": 39.261112213134766, "mean_estim": 39.8005485534668, "nme": 0.0137396976351737, "nmae": 0.0866090282797813, "nmse": 0.1232875362038612, "nrmse": 0.3511232435703277, "correlation": 0.938063593296992}}}