{"ndmi": {"2": {"mean_valid": 0.2663881354089418, "mean_estim": 0.2653675973415375, "nme": -0.0038310446912762, "nmae": 0.1087290271330795, "nmse": 0.0844885977768199, "nrmse": 0.2906692239932186, "correlation": 0.9574481150496776}, "1": {"mean_valid": 0.2677684044839826, "mean_estim": 0.2684902846813202, "nme": 0.0026958384221013, "nmae": 0.1035520185332458, "nmse": 0.0806487729055706, "nrmse": 0.2839872759571644, "correlation": 0.9588770493839612}, "0": {"mean_valid": 0.2664914577774167, "mean_estim": 0.2622381746768951, "nme": -0.0159603135625449, "nmae": 0.1064997448158026, "nmse": 0.0776391979703756, "nrmse": 0.2786381129177694, "correlation": 0.96087492143361}, "3": {"mean_valid": 0.2821857643017322, "mean_estim": 0.2696137130260467, "nme": -0.0445523826384522, "nmae": 0.1294437482542686, "nmse": 0.119574215525902, "nrmse": 0.345795048440405, "correlation": 0.9426540129486954}}, "ndvi": {"2": {"mean_valid": 0.6703279608753727, "mean_estim": 0.6738190650939941, "nme": 0.0052080518811277, "nmae": 0.0550381675085874, "nmse": 0.1739035401736158, "nrmse": 0.4170174338964929, "correlation": 0.9095355734604864}, "0": {"mean_valid": 0.6636857231991601, "mean_estim": 0.6659380793571472, "nme": 0.0033936182368448, "nmae": 0.0569970798758553, "nmse": 0.1838335437615695, "nrmse": 0.428758141335613, "correlation": 0.9036690407810865}, "1": {"mean_valid": 0.6643332046933018, "mean_estim": 0.6730248928070068, "nme": 0.0130834807434949, "nmae": 0.0570490688095141, "nmse": 0.1934539617467758, "nrmse": 0.4398340161319674, "correlation": 0.9009369884887244}, "3": {"mean_valid": 0.6855963211853559, "mean_estim": 0.6846861839294434, "nme": -0.0013274651495422, "nmae": 0.0600723040885414, "nmse": 0.1917061589766203, "nrmse": 0.437842618958708, "correlation": 0.8990823550267578}}, "swi": {"0": {"mean_valid": 39.01527786254883, "mean_estim": 39.480506896972656, "nme": 0.0119243087247014, "nmae": 0.0503978282213211, "nmse": 0.0531136840581893, "nrmse": 0.2304640710353851, "correlation": 0.9740246813988092}, "1": {"mean_valid": 38.99027633666992, "mean_estim": 39.42681121826172, "nme": 0.0111959418281912, "nmae": 0.0587445870041847, "nmse": 0.0716298967599868, "nrmse": 0.2676376104354858, "correlation": 0.9644215165826062}, "2": {"mean_valid": 38.98472213745117, "mean_estim": 39.36802291870117, "nme": 0.0098321512341499, "nmae": 0.075088120996952, "nmse": 0.1006056442856788, "nrmse": 0.3171839416027069, "correlation": 0.9491254540819488}, "3": {"mean_valid": 38.968055725097656, "mean_estim": 39.35375213623047, "nme": 0.0098977452144026, "nmae": 0.0872661024332046, "nmse": 0.1332643181085586, "nrmse": 0.3650538921356201, "correlation": 0.9317673461504776}}}