{"ndmi": {"2": {"mean_valid": 0.2663881354089418, "mean_estim": 0.2653675973415375, "nme": -0.0038310446912762, "nmae": 0.1087290271330795, "nmse": 0.0844885977768199, "nrmse": 0.2906692239932186, "correlation": 0.9574481150496776}, "1": {"mean_valid": 0.2677684044839826, "mean_estim": 0.2684902846813202, "nme": 0.0026958384221013, "nmae": 0.1035520185332458, "nmse": 0.0806487729055706, "nrmse": 0.2839872759571644, "correlation": 0.9588770493839612}, "0": {"mean_valid": 0.2664914577774167, "mean_estim": 0.2622381746768951, "nme": -0.0159603135625449, "nmae": 0.1064997448158026, "nmse": 0.0776391979703756, "nrmse": 0.2786381129177694, "correlation": 0.96087492143361}, "3": {"mean_valid": 0.2821857643017322, "mean_estim": 0.2696137130260467, "nme": -0.0445523826384522, "nmae": 0.1294437482542686, "nmse": 0.119574215525902, "nrmse": 0.345795048440405, "correlation": 0.9426540129486954}}, "ndvi": {"2": {"mean_valid": 0.6703279608753727, "mean_estim": 0.6738190650939941, "nme": 0.0052080518811277, "nmae": 0.0550381675085874, "nmse": 0.1739035401736158, "nrmse": 0.4170174338964929, "correlation": 0.9095355734604864}, "0": {"mean_valid": 0.6636857231991601, "mean_estim": 0.6659380793571472, "nme": 0.0033936182368448, "nmae": 0.0569970798758553, "nmse": 0.1838335437615695, "nrmse": 0.428758141335613, "correlation": 0.9036690407810865}, "1": {"mean_valid": 0.6643332046933018, "mean_estim": 0.6730248928070068, "nme": 0.0130834807434949, "nmae": 0.0570490688095141, "nmse": 0.1934539617467758, "nrmse": 0.4398340161319674, "correlation": 0.9009369884887244}, "3": {"mean_valid": 0.6855963211853559, "mean_estim": 0.6846861839294434, "nme": -0.0013274651495422, "nmae": 0.0600723040885414, "nmse": 0.1917061589766203, "nrmse": 0.437842618958708, "correlation": 0.8990823550267578}}, "swi": {"0": {"mean_valid": 39.34166717529297, "mean_estim": 39.87557601928711, "nme": 0.0135710733011364, "nmae": 0.0499227829277515, "nmse": 0.0489842519164085, "nrmse": 0.2213238775730133, "correlation": 0.9763896362895196}, "1": {"mean_valid": 39.30972290039063, "mean_estim": 39.84915542602539, "nme": 0.0137225612998008, "nmae": 0.0581445395946502, "nmse": 0.065803088247776, "nrmse": 0.2565211355686188, "correlation": 0.9679187572160542}, "2": {"mean_valid": 39.29305648803711, "mean_estim": 39.82020568847656, "nme": 0.0134158115833997, "nmae": 0.075031891465187, "nmse": 0.0950498804450035, "nrmse": 0.3083015978336334, "correlation": 0.953008717682698}, "3": {"mean_valid": 39.261112213134766, "mean_estim": 39.8005485534668, "nme": 0.0137396976351737, "nmae": 0.0866090282797813, "nmse": 0.1232875362038612, "nrmse": 0.3511232435703277, "correlation": 0.938063593296992}}}