{"ndmi": {"0": {"mean_valid": 0.2664728608066756, "mean_estim": 0.2709347903728485, "nme": 0.0167443879747974, "nmae": 0.1160939236993001, "nmse": 0.0898179122613617, "nrmse": 0.2996963667803829, "correlation": 0.9553260594613334}}, "ndvi": {"2": {"mean_valid": 0.6703279608753727, "mean_estim": 0.6738190650939941, "nme": 0.0052080518811277, "nmae": 0.0550381675085874, "nmse": 0.1739035401736158, "nrmse": 0.4170174338964929, "correlation": 0.9095355734604864}, "0": {"mean_valid": 0.6637061732124019, "mean_estim": 0.6659373641014099, "nme": 0.0033617831268074, "nmae": 0.0569698235070158, "nmse": 0.1836188643109685, "nrmse": 0.4285077179129549, "correlation": 0.9037844595730692}, "1": {"mean_valid": 0.6643538565819401, "mean_estim": 0.6730100512504578, "nme": 0.0130294941200045, "nmae": 0.0569988566971566, "nmse": 0.1927567321397163, "nrmse": 0.4390406953116263, "correlation": 0.9012958524902734}, "3": {"mean_valid": 0.6855963211853559, "mean_estim": 0.6846861839294434, "nme": -0.0013274651495422, "nmae": 0.0600723040885414, "nmse": 0.1917061589766203, "nrmse": 0.437842618958708, "correlation": 0.8990823550267578}}, "swi": {"0": {"mean_valid": 39.95694351196289, "mean_estim": 40.3835334777832, "nme": 0.0106762712821364, "nmae": 0.0431825555860996, "nmse": 0.0332312993705272, "nrmse": 0.1822945475578308, "correlation": 0.9839032500795596}, "1": {"mean_valid": 39.93472290039063, "mean_estim": 40.35860824584961, "nme": 0.010614451020956, "nmae": 0.0580612421035766, "nmse": 0.0554301403462886, "nrmse": 0.2354360669851303, "correlation": 0.9725191419940664}, "2": {"mean_valid": 39.93888854980469, "mean_estim": 40.30418395996094, "nme": 0.0091463811695575, "nmae": 0.0738279819488525, "nmse": 0.084313690662384, "nrmse": 0.2903681993484497, "correlation": 0.9574050667118033}, "3": {"mean_valid": 39.88888931274414, "mean_estim": 40.272605895996094, "nme": 0.0096196569502353, "nmae": 0.083373375236988, "nmse": 0.1106561496853828, "nrmse": 0.33265021443367, "correlation": 0.9435806775152586}}}