{"ndmi": {"0": {"mean_valid": 0.2664728608066756, "mean_estim": 0.2709347903728485, "nme": 0.0167443879747974, "nmae": 0.1160939236993001, "nmse": 0.0898179122613617, "nrmse": 0.2996963667803829, "correlation": 0.9553260594613334}}, "ndvi": {"2": {"mean_valid": 0.6703279608753727, "mean_estim": 0.6738190650939941, "nme": 0.0052080518811277, "nmae": 0.0550381675085874, "nmse": 0.1739035401736158, "nrmse": 0.4170174338964929, "correlation": 0.9095355734604864}, "0": {"mean_valid": 0.6637061732124019, "mean_estim": 0.6659373641014099, "nme": 0.0033617831268074, "nmae": 0.0569698235070158, "nmse": 0.1836188643109685, "nrmse": 0.4285077179129549, "correlation": 0.9037844595730692}, "1": {"mean_valid": 0.6643538565819401, "mean_estim": 0.6543405652046204, "nme": -0.0150722737403676, "nmae": 0.057322260457792, "nmse": 0.1839943370319652, "nrmse": 0.4289456108086027, "correlation": 0.9068403200077264}}, "swi": {"0": {"mean_valid": 41.12361145019531, "mean_estim": 41.52678680419922, "nme": 0.0098040159791708, "nmae": 0.0422455966472625, "nmse": 0.029308408498764, "nrmse": 0.1711969822645187, "correlation": 0.9858282054004858}, "1": {"mean_valid": 41.14166641235352, "mean_estim": 41.53175354003906, "nme": 0.009481543675065, "nmae": 0.0564461797475814, "nmse": 0.0477378219366073, "nrmse": 0.218489870429039, "correlation": 0.9764052784637866}, "2": {"mean_valid": 41.147220611572266, "mean_estim": 41.49922943115234, "nme": 0.0085547845810651, "nmae": 0.0713610798120498, "nmse": 0.0714487060904502, "nrmse": 0.2672989070415497, "correlation": 0.9640139170523327}, "3": {"mean_valid": 41.14027786254883, "mean_estim": 41.47837829589844, "nme": 0.008218209259212, "nmae": 0.0821071192622184, "nmse": 0.0939896553754806, "nrmse": 0.3065773248672485, "correlation": 0.9523996761370768}}}